Filename,Predictions
1\1_1_30.jpg,3
1\1_1_31.jpg,3
1\1_1_53.jpg,3
1\1_1_57.jpg,3
1\1_1_58.jpg,3
1\1_1_60.jpg,3
1\1_1_63.jpg,3
1\1_2_19.jpg,3
1\1_2_20.jpg,3
1\1_2_23.jpg,3
1\1_2_24.jpg,3
1\1_2_26.jpg,3
1\1_2_27.jpg,3
1\1_2_3.jpg,3
1\1_2_30.jpg,3
1\1_2_31.jpg,3
1\1_2_34.jpg,3
1\1_2_37.jpg,3
1\1_2_39.jpg,3
1\1_2_40.jpg,3
1\1_2_43.jpg,3
1\1_2_44.jpg,3
1\1_2_47.jpg,3
1\1_2_5.jpg,3
2\2_1_17.jpg,3
2\2_1_34.jpg,3
2\2_1_36.jpg,3
2\2_1_39.jpg,3
2\2_1_49.jpg,3
2\2_1_51.jpg,3
2\2_1_54.jpg,3
2\2_1_6.jpg,3
2\2_1_61.jpg,3
2\2_1_68.jpg,3
2\2_1_9.jpg,3
2\2_2_0.jpg,3
2\2_2_25.jpg,3
2\2_2_29.jpg,3
2\2_2_31.jpg,3
2\2_2_39.jpg,3
2\2_2_4.jpg,3
2\2_2_40.jpg,3
2\2_2_42.jpg,3
2\2_2_45.jpg,3
2\2_2_47.jpg,3
2\2_2_52.jpg,3
2\2_2_53.jpg,3
2\2_2_54.jpg,3
2\2_2_60.jpg,3
2\2_2_64.jpg,3
2\2_2_72.jpg,3
2\2_2_79.jpg,3
2\2_2_84.jpg,3
2\2_2_85.jpg,3
2\2_2_86.jpg,3
2\2_2_98.jpg,3
2\2_3_10.jpg,3
2\2_3_100.jpg,3
2\2_3_110.jpg,3
2\2_3_114.jpg,3
2\2_3_118.jpg,3
2\2_3_120.jpg,3
2\2_3_121.jpg,3
2\2_3_122.jpg,3
2\2_3_123.jpg,3
2\2_3_15.jpg,3
2\2_3_20.jpg,3
2\2_3_22.jpg,3
2\2_3_24.jpg,3
2\2_3_26.jpg,3
2\2_3_27.jpg,3
2\2_3_28.jpg,3
2\2_3_29.jpg,3
2\2_3_3.jpg,3
2\2_3_31.jpg,3
2\2_3_35.jpg,3
2\2_3_36.jpg,3
2\2_3_41.jpg,3
2\2_3_42.jpg,3
2\2_3_46.jpg,3
2\2_3_5.jpg,3
2\2_3_50.jpg,3
2\2_3_59.jpg,3
2\2_3_6.jpg,3
2\2_3_69.jpg,3
2\2_3_70.jpg,3
2\2_3_71.jpg,3
2\2_3_73.jpg,3
2\2_3_8.jpg,3
2\2_3_80.jpg,3
2\2_3_81.jpg,3
2\2_3_86.jpg,3
2\2_3_95.jpg,3
2\2_3_97.jpg,3
3\3_1_13.jpg,3
3\3_1_20.jpg,3
3\3_1_28.jpg,3
3\3_1_37.jpg,3
3\3_1_39.jpg,3
3\3_1_48.jpg,3
3\3_1_65.jpg,3
3\3_1_67.jpg,3
3\3_1_72.jpg,3
3\3_1_74.jpg,3
3\3_1_77.jpg,3
3\3_1_8.jpg,3
3\3_1_80.jpg,3
3\3_1_81.jpg,3
3\3_1_82.jpg,3
3\3_1_84.jpg,3
3\3_1_88.jpg,3
3\3_1_9.jpg,3
3\3_1_92.jpg,3
3\3_1_93.jpg,3
3\3_1_94.jpg,3
3\3_1_99.jpg,3
3\3_2_0.jpg,3
3\3_2_1.jpg,3
3\3_2_10.jpg,3
3\3_2_19.jpg,3
3\3_2_34.jpg,3
3\3_2_4.jpg,3
3\3_2_45.jpg,3
3\3_2_48.jpg,3
3\3_2_5.jpg,3
3\3_2_52.jpg,3
3\3_2_56.jpg,3
3\3_2_6.jpg,3
3\3_2_60.jpg,3
3\3_2_66.jpg,3
3\3_2_7.jpg,3
3\3_2_8.jpg,3
3\3_3_1.jpg,3
3\3_3_12.jpg,3
3\3_3_15.jpg,3
3\3_3_20.jpg,3
3\3_3_22.jpg,3
3\3_3_23.jpg,3
3\3_3_27.jpg,3
3\3_3_30.jpg,3
3\3_3_32.jpg,3
3\3_3_37.jpg,3
3\3_3_39.jpg,3
3\3_3_4.jpg,3
3\3_3_40.jpg,3
3\3_3_44.jpg,3
3\3_3_48.jpg,3
3\3_3_52.jpg,3
3\3_3_68.jpg,3
4\4_1_24.jpg,3
4\4_1_3.jpg,3
4\4_1_34.jpg,3
4\4_1_5.jpg,3
4\4_1_51.jpg,3
4\4_1_52.jpg,3
4\4_1_55.jpg,3
4\4_1_57.jpg,3
4\4_1_6.jpg,3
4\4_1_60.jpg,3
4\4_2_13.jpg,3
4\4_2_14.jpg,3
4\4_2_19.jpg,3
4\4_2_2.jpg,3
4\4_2_20.jpg,3
4\4_2_23.jpg,3
4\4_2_24.jpg,3
4\4_2_27.jpg,3
4\4_2_28.jpg,3
4\4_2_29.jpg,3
4\4_2_3.jpg,3
4\4_2_32.jpg,3
4\4_2_34.jpg,3
4\4_2_37.jpg,3
4\4_2_4.jpg,3
4\4_2_40.jpg,3
4\4_2_42.jpg,3
4\4_2_47.jpg,3
4\4_2_49.jpg,3
4\4_2_51.jpg,3
4\4_2_52.jpg,3
4\4_2_60.jpg,3
4\4_2_61.jpg,3
4\4_2_68.jpg,3
4\4_2_8.jpg,3
4\4_2_80.jpg,3
5\5_1_26.jpg,3
5\5_1_35.jpg,3
5\5_1_38.jpg,3
5\5_1_54.jpg,3
5\5_1_66.jpg,3
5\5_2_11.jpg,3
5\5_2_15.jpg,3
5\5_2_19.jpg,3
5\5_2_20.jpg,3
5\5_2_24.jpg,3
5\5_2_25.jpg,3
5\5_2_31.jpg,3
5\5_2_38.jpg,3
5\5_2_39.jpg,3
5\5_2_42.jpg,3
5\5_2_43.jpg,3
5\5_2_44.jpg,3
5\5_2_45.jpg,3
5\5_2_47.jpg,3
5\5_2_48.jpg,3
5\5_2_49.jpg,3
5\5_2_50.jpg,3
5\5_2_52.jpg,3
5\5_2_53.jpg,3
5\5_2_6.jpg,3
5\5_2_62.jpg,3
5\5_2_66.jpg,3
5\5_2_69.jpg,3
5\5_2_71.jpg,3
5\5_2_72.jpg,3
5\5_2_77.jpg,3
5\5_2_79.jpg,3
5\5_2_8.jpg,3
5\5_2_84.jpg,3
5\5_2_9.jpg,3
5\5_2_92.jpg,3
5\5_2_96.jpg,3
6\6_1_24.jpg,3
6\6_1_25.jpg,3
6\6_1_34.jpg,3
6\6_1_36.jpg,3
6\6_1_5.jpg,3
6\6_1_52.jpg,3
6\6_1_62.jpg,3
6\6_1_8.jpg,3
6\6_2_10.jpg,3
6\6_2_103.jpg,3
6\6_2_106.jpg,3
6\6_2_111.jpg,3
6\6_2_114.jpg,3
6\6_2_124.jpg,3
6\6_2_19.jpg,3
6\6_2_2.jpg,3
6\6_2_21.jpg,3
6\6_2_25.jpg,3
6\6_2_27.jpg,3
6\6_2_29.jpg,3
6\6_2_3.jpg,3
6\6_2_33.jpg,3
6\6_2_34.jpg,3
6\6_2_38.jpg,3
6\6_2_39.jpg,3
6\6_2_41.jpg,3
6\6_2_44.jpg,3
6\6_2_45.jpg,3
6\6_2_46.jpg,3
6\6_2_48.jpg,3
6\6_2_51.jpg,3
6\6_2_54.jpg,3
6\6_2_55.jpg,3
6\6_2_59.jpg,3
6\6_2_6.jpg,3
6\6_2_60.jpg,3
6\6_2_65.jpg,3
6\6_2_71.jpg,3
6\6_2_74.jpg,3
6\6_2_78.jpg,3
6\6_2_83.jpg,3
6\6_2_86.jpg,3
6\6_2_88.jpg,3
6\6_2_94.jpg,3
6\6_2_95.jpg,3
7\7_1_21.jpg,3
7\7_1_31.jpg,3
7\7_1_36.jpg,3
7\7_1_39.jpg,3
7\7_1_5.jpg,3
7\7_1_53.jpg,3
7\7_1_56.jpg,3
7\7_1_60.jpg,3
7\7_1_67.jpg,3
7\7_1_86.jpg,3
7\7_1_9.jpg,3
7\7_1_93.jpg,3
7\7_1_94.jpg,3
7\7_1_97.jpg,3
7\7_1_98.jpg,3
7\7_2_1.jpg,3
7\7_2_10.jpg,3
7\7_2_12.jpg,3
7\7_2_13.jpg,3
7\7_2_15.jpg,3
7\7_2_17.jpg,3
7\7_2_18.jpg,3
7\7_2_19.jpg,3
7\7_2_2.jpg,3
7\7_2_20.jpg,3
7\7_2_21.jpg,3
7\7_2_25.jpg,3
7\7_2_27.jpg,3
7\7_2_28.jpg,3
7\7_2_29.jpg,3
7\7_2_4.jpg,3
7\7_2_44.jpg,3
7\7_3_0.jpg,3
7\7_3_11.jpg,3
7\7_3_13.jpg,3
7\7_3_23.jpg,3
7\7_3_26.jpg,3
7\7_3_28.jpg,3
7\7_3_31.jpg,3
7\7_3_34.jpg,3
7\7_3_38.jpg,3
7\7_3_40.jpg,3
7\7_3_41.jpg,3
7\7_3_44.jpg,3
7\7_3_45.jpg,3
7\7_3_5.jpg,3
7\7_3_52.jpg,3
7\7_3_53.jpg,3
7\7_3_60.jpg,3
7\7_3_64.jpg,3
7\7_3_67.jpg,3
7\7_3_72.jpg,3
7\7_3_73.jpg,3
7\7_3_75.jpg,3
7\7_3_77.jpg,3
7\7_3_78.jpg,3
7\7_3_8.jpg,3
7\7_3_81.jpg,3
7\7_3_85.jpg,3
7\7_3_86.jpg,3
7\7_3_91.jpg,3
7\7_3_94.jpg,3
8\8_1_29.jpg,3
8\8_1_30.jpg,3
8\8_1_5.jpg,3
8\8_1_53.jpg,3
8\8_1_56.jpg,3
8\8_1_7.jpg,3
8\8_2_1.jpg,3
8\8_2_10.jpg,3
8\8_2_12.jpg,3
8\8_2_14.jpg,3
8\8_2_18.jpg,3
8\8_2_19.jpg,3
8\8_2_2.jpg,3
8\8_2_25.jpg,3
8\8_2_32.jpg,3
8\8_2_36.jpg,3
8\8_2_37.jpg,3
8\8_2_38.jpg,3
8\8_2_39.jpg,3
8\8_2_43.jpg,3
8\8_2_44.jpg,3
8\8_2_45.jpg,3
8\8_2_51.jpg,3
8\8_2_6.jpg,3
8\8_2_7.jpg,3
8\8_2_77.jpg,3
8\8_2_8.jpg,3
